Index,Genre
1,comedy
2,comedy
3,social
4,romance
4,drama
4,comedy
5,unknown
6,action
6,comedy
7,drama
8,romance
8,history
9,social
9,drama
9,history
10,crime
10,thriller
11,drama
11,comedy
12,drama
13,comedy
14,romance
15,drama
15,romance
16,action
16,romance
17,comedy
18,thriller
19,crime
19,action
19,thriller
19,romance
19,drama
20,fantasy
20,drama
20,comedy
21,drama
21,romance
22,comedy
23,thriller
24,drama
24,thriller
25,crime
25,action
25,drama
25,thriller
26,comedy
27,unknown
28,romance
28,comedy
29,drama
29,romance
30,fantasy
30,drama
30,romance
31,drama
32,mystery
32,drama
32,thriller
33,romance
34,musical
34,drama
34,romance
35,romance
36,romance
36,drama
36,comedy
37,spy
37,thriller
38,adventure
39,romance
39,drama
39,comedy
40,comedy
41,unknown
42,crime
42,romance
42,action
42,comedy
43,romance
43,drama
43,comedy
44,romance
44,comedy
45,horror
46,unknown
47,comedy
48,musical
48,drama
48,romance
49,comedy
50,musical
50,romance
50,thriller
51,thriller
52,drama
52,thriller
53,adventure
53,drama
54,mystery
54,horror
54,romance
54,thriller
55,biography
55,drama
56,drama
56,comedy
57,comedy
58,comedy
59,crime
59,thriller
60,fantasy
60,adventure
60,action
61,drama
61,romance
62,action
62,romance
63,drama
64,family
64,animation
64,romance
65,comedy
66,drama
66,romance
67,social
67,comedy
68,drama
69,comedy
70,romance
70,musical
70,drama
70,comedy
71,politics
72,family
72,musical
72,drama
72,romance
73,drama
73,comedy
74,romance
75,thriller
76,romance
76,comedy
77,drama
78,comedy
79,mystery
79,thriller
80,romance
81,drama
81,romance
82,action
82,thriller
82,mystery
82,romance
82,drama
83,animation
84,action
84,comedy
85,drama
86,horror
87,drama
88,sport
89,romance
90,comedy
91,fantasy
91,musical
91,drama
92,drama
93,crime
93,mystery
93,drama
94,drama
94,romance
95,romance
96,horror
97,comedy
98,drama
99,action
99,comedy
100,comedy
101,drama
102,comedy
102,romantic
103,drama
104,political
105,comedy
106,comedy
106,romantic
107,action
107,thriller
108,comedy
109,action
109,thriller
110,action
110,thriller
111,comedy
112,drama
113,drama
114,unknown
115,historical
115,drama
116,drama
117,comedy
118,social
119,romance
119,comedy
120,action
121,comedy
121,social
121,drama
121,romance
122,unknown
123,romance
124,comedy
125,action
125,romance
125,thriller
126,romance
126,action
126,comedy
127,dark
127,comedy
128,comedy
129,musical
130,action
130,thriller
131,romance
132,horror
133,social
134,drama
135,drama
136,romance
136,comedy
137,comedy
138,social
139,comedy
140,comedy
141,thriller
142,social
143,thriller
144,comedy
145,comedy
146,drama
147,drama
148,action
149,drama
150,romance
151,comedy
151,sport
151,romantic
152,action
152,romance
153,thriller
154,comedy
154,romantic
155,romance
155,comedy
156,comedy
156,romantic
157,action
158,comedy
159,action
160,drama
160,romance
161,animation
162,comedy
163,comedy
163,romantic
164,musical
164,drama
164,romance
164,social
165,fantasy
166,romance
166,comedy
167,social
168,romance
169,fantasy
170,romance
170,thriller
171,social
171,comedy
171,thriller
172,action
173,comedy
174,musical
175,family
175,drama
176,comedy
177,drama
178,comedy
179,thriller
180,comedy
180,romantic
181,comedy
181,romantic
182,romance
182,comedy
183,comedy
184,thriller
185,epic
185,film
186,crime
186,romance
186,comedy
187,drama
188,drama
189,drama
190,action
191,drama
192,drama
193,action
194,horror
195,comedy
196,thriller
197,drama
197,thriller
198,comedy
199,drama
200,drama
201,thriller
202,drama
203,comedy
203,romantic
204,thriller
205,comedy
206,action
207,action
207,thriller
208,drama
209,sport
209,social
210,found
210,footage
211,horror
212,comedy
213,social
214,romance
215,animation
216,comedy
217,social
218,social
219,romance
220,social
220,drama
221,fantasy
221,romance
221,comedy
222,action
222,thriller
223,romance
224,social
225,horror
226,thriller
227,animation
228,social
229,unknown
230,comedy
230,romantic
231,action
232,comedy
233,drama
233,romance
234,drama
235,drama
236,child
236,drama
237,romance
237,comedy
238,romance
238,thriller
239,drama
239,political
239,thriller
240,thriller
241,action
241,romance
242,action
243,drama
244,romance
245,romance
246,action
247,action
248,comedy
249,drama
250,romance
250,drama
250,comedy
251,crime
251,action
251,romance
251,thriller
252,romance
253,horror
254,comedy
254,political
255,romance
256,comedy
257,comedy
258,crime
259,family
259,drama
260,drama
261,mystery
261,suspense
262,drama
262,romance
263,horror
264,drama
265,action
266,science
266,fiction
267,romance
268,comedy
269,thriller
270,comedy
271,thriller
272,action
273,romance
274,animation
275,horror
275,thriller
276,romance
277,biographical
278,romance
279,biographical
279,animation
280,romance
281,comedy
282,comedy
283,thriller
284,adventure
284,action
285,romance
286,thriller
287,romance
287,thriller
288,thriller
289,crime
289,suspense
289,thriller
290,romance
291,action
292,period
293,crime
293,comedy
294,biographical
295,drama
295,romance
296,comedy
297,thriller
298,thriller
299,horror
300,drama
301,action
301,comedy
302,drama
303,animated
304,thriller
305,drama
306,social
306,thriller
307,adult
307,romance
307,comedy
308,action
308,drama
308,comedy
309,comedy
309,adult
309,romance
310,comedy
311,social
312,drama
313,social
314,comedy
315,cult
316,action
316,thriller
317,comedy
318,family
318,drama
319,drama
320,romance
321,black
321,comedy
321,thriller
322,child
323,comedy
324,drama
324,romance
325,family
326,drama
327,comedy
328,drama
329,mystery
329,action
330,teen
330,satire
330,comedy
330,film
331,drama
332,comedy
333,drama
334,thriller
335,child
336,cult
336,drama
337,movie
337,road
337,comedy
338,social
338,drama
339,comedy
340,comedy
340,teen
341,horror
342,comedy
342,romance
343,horror
343,romance
344,action
344,drama
345,child
346,psychological
346,thriller
347,comedy
347,romance
348,drama
348,comedy
349,comedy
350,drama
350,thriller
351,comedy
352,teen
352,romance
353,thriller
354,crime
355,comedy
356,action
356,comedy
357,adult
357,comedy
358,psychological
358,thriller
359,child
360,road
360,romance
361,action
362,social
363,biographical
364,drama
365,social
365,comedy
366,drama
367,romance
367,comedy
368,horror
369,social
370,thriller
371,comedy
372,crime
373,comedy
374,social
375,action
376,romance
377,action
377,romance
378,comedy
379,social
380,comedy
380,romance
381,social
382,romance
383,drama
384,romance
385,action
385,romance
386,comedy
386,romance
387,action
387,thriller
388,comedy
388,romantic
389,drama
389,thriller
390,romance
391,action
391,comedy
392,romantic
393,romance
393,comedy
394,comedy
394,crime
394,romance
395,action
395,thriller
396,sci
396,fi
397,drama
398,comedy
399,comedy
400,drama
400,romance
401,drama
401,romance
402,comedy
403,comedy
404,drama
405,comedy
406,drama
406,romance
407,action
407,thriller
408,action
408,thriller
409,crime
409,comedy
410,adult
410,horror
411,comedy
412,action
412,drama
413,drama
414,social
415,comedy
416,comedy
416,romance
417,adult
417,romance
417,thriller
418,romance
419,adult
419,horror
420,drama
421,romance
422,comedy
422,romance
423,romance
424,crime
425,romance
426,drama
426,thriller
427,comedy
428,romance
429,romance
430,romance
431,suspense
431,thriller
432,thriller
433,comedy
434,action
434,comedy
435,comedy
436,comedy
437,drama
438,comedy
439,adult
439,thriller
440,action
441,comedy
442,crime
442,thriller
443,comedy
444,horror
445,comedy
446,romance
446,thriller
447,romance
448,adult
448,action
448,crime
449,animation
450,comedy
450,film
451,computer
451,animated
452,crime
453,comedy
453,romantic
454,romantic
455,adult
455,romantic
456,action
456,comedy
457,political
457,thriller
458,drama
458,comedy
459,romance
460,comedy
460,romance
461,adult
461,thriller
461,crime
462,thriller
463,action
463,comedy
464,comedy
465,romance
466,child
467,comedy
468,comedy
469,adult
469,comedy
470,social
471,drama
472,adult
472,thriller
473,computer
473,animated
474,adult
474,thriller
474,crime
475,thriller
476,action
476,romance
477,comedy
477,romance
478,drama
479,social
479,thriller
480,romantic
481,comedy
482,adult
482,suspense
482,thriller
483,comedy
484,comedy
484,romance
485,drama
486,adult
486,drama
487,comedy
488,comedy
489,drama
490,comedy
491,com
491,rom
492,fantasy
492,action
493,drama
493,thriller
494,drama
495,horror
496,comedy
496,romance
497,computer
497,animated
498,political
498,thriller
499,comedy
500,crime
500,thriller
501,comedy
502,horror
503,musical
503,comedy
504,child
504,animation
504,drama
505,drama
506,drama
506,romance
507,comedy
508,suspense
508,drama
509,action
509,comedy
510,drama
510,thriller
511,action
511,comedy
512,drama
512,thriller
513,thriller
514,comedy
515,comedy
516,thriller
517,drama
518,crime
518,romance
519,action
520,crime
521,action
521,thriller
522,romance
523,musical
523,animation
524,crime
525,action
526,family
526,drama
527,drama
528,drama
528,comedy
529,thriller
530,romance
530,comedy
531,thriller
532,drama
533,action
534,comedy
534,romantic
535,romance
535,thriller
536,drama
536,thriller
537,satire
537,comedy
538,thriller
539,comedy
540,satire
540,comedy
541,action
542,action
542,comedy
543,comedy
544,romance
544,comedy
545,action
545,romance
546,horror
547,musical
547,romance
548,thriller
549,crime
549,thriller
550,anthology
551,child
551,animation
552,zombie
552,comedy
553,coming
553,of
553,age
554,action
554,drama
555,drama
555,romantic
556,drama
557,romance
558,comedy
558,romantic
559,social
560,comedy
560,romantic
561,action
561,comedy
562,comedy
563,thriller
564,romance
565,action
566,romantic
566,thriller
567,comedy
567,thriller
568,romance
568,thriller
569,action
570,biopic
571,drama
572,drama
573,comedy
574,com
574,rom
575,action
575,drama
576,avant
576,garde
577,drama
577,romance
578,comedy
579,romance
580,erotic
580,thriller
581,comedy
582,comedy
583,drama
583,thriller
584,romance
585,action
585,comedy
586,crime
586,romance
587,espionage
587,drama
587,thriller
588,political
588,thriller
589,action
589,thriller
590,romance
591,drama
592,adult
592,comedy
593,thriller
594,horror
595,com
595,rom
595,action
596,drama
597,thriller
598,suspense
598,thriller
599,psychological
599,romance
599,thriller
600,drama
601,comedy
601,war
602,comedy
603,drama
604,crime
605,masala
606,biography
606,drama
607,drama
607,political
608,crime
608,drama
609,crime
610,comedy
610,thriller
611,romance
612,comedy
613,superhero
614,crime
615,romance
616,drama
616,romance
617,comedy
617,romance
618,action
619,crime
619,romance
619,comedy
620,action
620,romance
621,comedy
621,thriller
622,drama
623,action
624,comedy
625,adventure
625,action
626,black
626,comedy
626,thriller
627,romance
628,romance
629,drama
630,experimental
631,comedy
631,romantic
632,drama
633,action
633,comedy
634,comedy
634,romance
635,comedy
636,comedy
636,romance
637,thriller
638,social
638,drama
639,action
640,social
641,horror
642,drama
643,documentary
644,drama
644,romance
645,thriller
646,drama
647,action
647,drama
648,drama
649,comedy
649,romance
650,social
650,action
651,drama
651,romance
652,drama
652,comedy
653,romance
654,horror
655,thriller
656,comedy
657,horror
657,comedy
658,drama
659,adult
659,horror
660,action
661,comedy
662,thriller
663,drama
664,sci
664,fi
664,comedy
665,social
666,fantasy
666,drama
667,comedy
668,fantasy
668,child
669,romance
670,comedy
671,comedy
671,romance
672,musical
672,drama
673,drama
674,mystery
674,drama
674,thriller
675,drama
675,romance
676,social
677,action
678,romance
679,drama
680,drama
680,romance
681,action
682,drama
683,adult
684,comedy
685,thriller
686,drama
687,mystery
688,action
688,romance
689,action
690,drama
691,comedy
692,comedy
693,action
693,thriller
694,drama
694,comedy
695,horror
696,romance
696,drama
696,comedy
697,romance
697,thriller
698,drama
698,comedy
699,comedy
699,romance
700,comedy
700,romance
701,thriller
702,drama
703,action
703,drama
704,comedy
704,romance
705,horror
706,action
706,comedy
707,comedy
708,action
709,romance
710,dance
711,action
711,drama
712,comedy
713,action
713,comedy
714,thriller
715,drama
716,horror
717,drama
717,comedy
718,drama
718,comedy
719,comedy
719,romance
720,horror
721,thriller
722,action
722,drama
723,social
723,satire
724,comedy
725,action
726,drama
727,romance
728,satire
728,political
729,crime
729,romance
730,horror
731,drama
731,comedy
732,action
732,comedy
733,drama
734,drama
735,action
735,drama
736,drama
737,historical
737,animation
738,drama
739,drama
740,comedy
741,found
741,horror
741,footage
742,drama
742,romance
743,comedy
744,comedy
744,romance
745,comedy
745,romance
746,drama
747,comedy
748,drama
749,drama
750,erotica
750,thriller
751,comedy
752,drama
753,drama
754,social
754,drama
755,drama
756,sport
757,drama
757,romance
758,drama
759,romance
759,comedy
760,comedy
761,suspense
761,thriller
762,drama
762,comedy
763,action
763,thriller
764,thriller
765,drama
766,thriller
767,drama
768,action
768,romance
769,horror
770,comedy
771,comedy
771,thriller
772,thriller
773,comedy
773,romantic
774,comedy
775,drama
776,horror
777,mystery
778,drama
779,drama
780,action
780,drama
781,romance
781,thriller
782,action
782,thriller
783,historical
783,drama
784,crime
784,drama
785,comedy
786,comedy
786,romantic
787,drama
787,romance
788,drama
788,political
789,comedy
790,thriller
791,comedy
792,comedy
793,romance
794,thriller
795,comedy
796,romance
797,drama
798,musical
799,drama
800,drama
801,sci
801,fi
801,thriller
802,horror
803,drama
803,dance
804,romance
805,comedy
806,crime
806,action
807,drama
807,thriller
808,comedy
809,drama
809,comedy
810,crime
810,drama
811,spoof
811,comedy
811,thriller
812,comedy
812,romance
813,comedy
814,drama
815,comedy
816,comedy
817,drama
818,drama
819,drama
819,romance
820,dance
821,drama
821,comedy
822,social
822,comedy
823,romance
824,comedy
825,drama
826,action
827,drama
827,romance
828,drama
828,romance
829,drama
829,action
829,comedy
830,drama
831,drama
832,drama
832,thriller
833,comedy
834,drama
835,drama
836,drama
837,drama
838,drama
839,social
839,drama
840,action
840,thriller
841,comedy
841,romance
842,action
842,romance
843,action
843,drama
844,comedy
844,romance
845,crime
845,comedy
846,action
846,thriller
847,comedy
848,drama
849,drama
850,drama
851,comedy
852,thriller
853,action
853,drama
854,comedy
855,drama
855,romantic
856,comedy
857,comedy
858,comedy
858,romance
859,crime
860,thriller
861,political
862,comedy
863,romance
864,biopic
865,thriller
866,crime
866,thriller
867,romance
868,action
869,romance
870,anthology
871,drama
872,romance
873,adult
873,thriller
874,drama
875,adventure
876,romance
877,action
877,romance
878,neo
878,noir
879,thriller
880,drama
881,biopic
882,war
882,thriller
883,musical
883,drama
884,adult
884,comedy
885,sport
886,adult
886,comedy
887,romance
888,action
888,drama
889,drama
889,romance
890,romance
891,drama
892,drama
893,romance
894,biopic
894,drama
895,action
895,drama
896,biopic
896,drama
897,drama
898,comedy
898,romance
899,comedy
900,drama
901,action
901,drama
902,satire
903,action
903,romance
903,thriller
904,drama
904,thriller
905,drama
905,comedy
906,action
907,comedy
907,romance
908,thriller
909,thriller
910,action
910,drama
910,thriller
911,drama
911,comedy
912,action
913,comedy
914,action
915,adventure
915,drama
916,thriller
917,thriller
918,horror
919,biopic
920,drama
920,political
921,action
922,drama
923,comedy
924,biopic
925,thriller
926,action
927,psychological
927,action
927,thriller
928,drama
929,comedy
930,romantic
931,drama
932,thriller
933,crime
934,romance
935,crime
935,thriller
936,romance
937,crime
937,thriller
938,adult
939,drama
940,drama
940,political
941,romance
941,comedy
942,sport
942,drama
943,comedy
944,comedy
945,drama
946,drama
946,romance
947,road
947,movie
948,action
949,action
950,comedy
951,drama
951,romance
952,thriller
953,romance
953,comedy
954,drama
955,romance
955,thriller
956,comedy
957,action
958,action
958,comedy
959,action
959,drama
960,action
960,drama
961,drama
962,drama
962,romance
963,comedy
963,sport
963,romantic
964,thriller
965,horror
966,drama
967,drama
968,drama
968,comedy
969,comedy
970,satirical
971,sport
971,biopic
972,drama
972,romance
973,adventure
973,drama
974,comedy
974,supernatural
975,biographical
976,animation
976,adventure
976,action
976,comedy
977,thriller
978,comedy
979,drama
980,social
980,drama
981,supernatural
981,thriller
982,drama
983,drama
983,thriller
984,action
984,drama
985,drama
985,romance
986,animation
986,action
986,drama
987,action
987,thriller
988,erotic
988,romantic
989,drama
990,romance
991,action
992,drama
993,horror
993,romantic
994,crime
994,drama
995,thriller
996,romance
997,drama
997,romance
998,biopic
999,crime
999,comedy
1000,drama
1000,romance
1001,crime
1001,comedy
1002,action
1002,thriller
1003,crime
1003,action
1004,drama
1005,action
1005,drama
1006,comedy
1007,action
1008,drama
1008,thriller
1009,romance
1010,drama
1010,war
1011,romance
1011,thriller
1012,thriller
1013,action
1014,drama
1014,romance
1015,comedy
1015,romance
1016,action
1016,comedy
1017,thriller
1018,romance
1018,thriller
1019,comedy
1019,romance
1020,comedy
1021,drama
1022,action
1022,thriller
1023,adventure
1024,drama
1024,comedy
1025,drama
1025,comedy
1026,drama
1027,drama
1028,period
1028,drama
1029,romance
1030,drama
1030,comedy
1031,biopic
1032,drama
1032,thriller
1033,drama
1033,thriller
1034,anthology
1034,drama
1035,romance
1036,crime
1036,political
1036,thriller
1037,drama
1037,romance
1038,comedy
1039,drama
1039,comedy
1040,drama
1040,romance
1041,biopic
1042,romance
1043,crime
1043,drama
1044,animation
1045,comedy
1045,romance
1046,horror
1047,mystery
1047,suspense
1048,drama
1048,thriller
1049,romance
1049,thriller
1050,comedy
1050,romance
1051,child
1051,drama
1052,drama
1053,drama
1054,comedy
1054,thriller
1055,action
1055,drama
1056,romance
1057,drama
1057,thriller
1058,comedy
1059,romance
1059,comedy
1060,drama
1061,sex
1061,drama
1062,action
1062,romance
1063,action
1063,period
1063,drama
1064,drama
1065,romance
1065,comedy
1066,neo
1066,noir
1067,romance
1068,drama
1068,comedy
1069,patriotic
1069,drama
1070,drama
1071,romance
1071,comedy
1072,action
1072,romance
1073,action
1074,drama
1075,musical
1075,drama
1076,crime
1076,action
1076,thriller
1077,drama
1077,comedy
1078,comedy
1079,crime
1079,drama
1080,drama
1081,drama
1082,drama
1082,comedy
1083,dark
1083,comedy
1084,action
1084,drama
1085,horror
1086,drama
1086,thriller
1087,biographic
1088,action
1088,comedy
1089,comedy
1089,romantic
1090,comedy
1091,social
1091,drama
1092,action
1093,drama
1093,thriller
1094,musical
1094,drama
1095,comedy
1096,road
1096,film
1097,drama
1098,thriller
1099,horror
1100,drama
1101,drama
1101,romance
1102,comedy
1102,romance
1103,suspense
1103,thriller
1104,thriller
1105,comedy
1105,romantic
1106,social
1106,comedy
1107,drama
1107,romantic
1108,erotic
1108,thriller
1109,drama
1110,disaster
1110,drama
1111,drama
1112,romantic
1112,thriller
1113,comedy
1114,comedy
1115,suspense
1115,thriller
1116,drama
1116,comedy
1117,crime
1117,thriller
1118,action
1118,drama
1119,Horror
1120,Dark comedy
1121,Drama
1122,Psychological Thriller
1123,Suspense Thriller
1124,Thriller
1125,Drama
1126,Period drama
1127,Comedy Drama
1128,Romantic Comedy
1129,Drama
1130,Romance
1131,Drama
1132,Drama
1133,Comedy
1134,Thriller
1135,Drama
1136,Drama
1137,Erotic thriller
1138,Romantic/ Comedy
1139,Thriller
1140,Satire/ Comedy
1141,Action
1141,thriller
1142,Comedy
1143,Drama
1144,Thriller
1145,Comedy
1146,Comedy
1147,Action/Romance
1148,Comedy thriller
1149,Psychological Thriller
1150,Slice of lifeRomantic drama
1151,Thriller
1152,Drama
1153,Drama
1154,Comedy
1155,Romantic thriller
1156,Thriller
1157,Action
1158,Comedy
1159,Crime Drama
1160,Period Thriller
1161,Horror Thriller
1162,Drama
1163,Comedy
1164,Horror-Comedy
1165,Comedy
1166,Comedy
1167,Action/drama
1168,Suspense thriller
1169,Drama
1170,Romantic comedy
1171,Action
1172,Drama/Action
1173,Thriller
1174,Biopic
1175,Biopic
1176,Comedy
1177,Drama
1178,Horror/Thriller
1179,Drama
1180,Romantic Comedy
1181,Musical comedy
1182,Drama
1183,Crime Comedy
1184,Drama
1185,Comedy
1186,Sports/Drama
1187,Action/Thriller
1188,Comedy
1190,Comedy
1191,Horror Comedy
1192,Action/War
1193,Drama/Romance
1194,Psychological drama
1195,Drama
1196,Romantic/ Drama
1197,Drama
1198,Action/Drama/Musical
1199,Comedy
1200,Drama
1201,Drama
1202,Comedy
1203,Romance
1203,Social Drama
1204,Biographical
1205,Romance
1206,Romance
1206,Social Drama
1207,Drama
1208,Romantic
1209,Romantic thriller
1210,Romance
1211,Drama
1212,Drama
1213,Comedy
1214,Suspense Thriller
1215,Romantic comedy
1216,Romantic comedy
1217,Crime
1218,Comedy
1218,Romance
1218,Drama
1219,Suspense thriller
1220,Action Thriller
1221,Erotic thriller
1222,Horror
1223,Comedy
1224,Romantic Family Drama
1225,Period action/adventure
1226,Drama
1227,Thriller
1228,Comedy
1229,Action/Comedy
1230,Drama
1231,Drama
1232,Adult-comedy
1233,Comedy/drama
1234,Action Comedy
1235,Action
1236,Action
1237,Biopic
1238,Drama
1239,Comedy
1240,Crime Drama
1241,Biographical Drama
1242,Black comedy
1243,Comedy
1244,Drama/ Coming of Age
1245,Biographical
1246,Biographical
1247,Romance
1248,Drama
1249,Horror/Thriller
1250,Biopic
1251,Drama
1252,Comedy
1253,Romantic comedy
1254,Crime Drama
1255,Drama /Thriller
1256,Drama
1257,Drama
1258,Drama
1259,Social Drama
1260,Drama/historical
1261,Action Comedy
1262,Drama
1263,Action
1264,Action thriller
1265,Thriller
1266,Thriller
1267,Period drama / thriller
1268,Action Thriller
1269,Thriller
1270,Romantic comedy
1271,Romantic comedy
1272,Thriller
1273,Biopic
1274,Drama
1275,Horror
1276,Drama
1277,Drama/ Thriller
1278,Romance
1279,Action Thriller
1280,Romantic thriller
1281,Biopic
1282,Family Drama
1283,Comedy
1284,Thriller
1284,Comedy
1285,Romantic Comedy
1286,Comedy
1287,Romantic Comedy
1288,Drama
1289,Action
1290,Action
1291,Drama
1292,Action
1293,Comedy-Drama
1294,Comedy
1295,crime thriller
1296,Drama
1297,Drama/Romance
1298,Drama
1299,Drama
1300,Action
1300,Thriller
1301,Biopic
1302,Comedy Drama
1303,Drama
1304,Horror Thriller
1305,Action
1306,Romantic drama
1307,Comedy
1308,Biopic
1309,Comedy
1310,Horror Thriller
1311,Action/Romance
1312,Historical/Romance
1313,Black Comedy
1314,Comedy
1315,Romantic drama
1316,Romantic drama
1317,Action/battle
1318,Comedy
1319,Crime Thriller
1320,Action
1321,Comedy
